Workbook

Sheet Raw_Data
A1: Inspection_ID | B1: Inspection_Date | C1: Plant | D1: Production_Line | E1: Product | F1: Shift | G1: Machine_ID | H1: Operator_ID | I1: Batch_ID | J1: Production_Qty | K1: Defect_Qty | L1: Defect_Type | M1: Downtime_Min | N1: Cycle_Time_Sec | O1: Temperature_C | P1: Pressure_Bar | Q1: Vibration_mm_s | R1: Material_Batch | S1: Supplier | T1: Inspection_Status
A2: 10908 | B2: 45934 | C2: Plant A | D2: Line 4 | E2: Widget A | F2: Morning | G2: M-09 | H2: OP-128 | I2: B1005 | J2: 1228 | K2: 10 | L2: Color Defect | M2: 116 | N2: 57 | O2: 58.8 | P2: 5.33 | Q2: 2.63 | R2: MB-211 | S2: Supplier Y | T2: Pass
A3: 10618 | B3: 45670 | C3: Plant C | D3: Line 3 | E3: Widget B | F3: Morning | G3: M-04 | H3: OP-149 | I3: B1194 | J3: 1296 | K3: 10 | L3: Dent | M3: 89 | N3: 35.7 | O3: 71.4 | P3: 5.12 | Q3: 4.86 | R3: MB-200 | S3: Supplier Z | T3: Pass
A4: 11387 | B4: 45851 | C4: Plant A | D4: Line 4 | E4: Widget C | F4: Evening | G4: M-02 | H4: OP-142 | I4: B1165 | J4: 1284 | K4: 49 | L4: Scratch | M4: 7 | N4: 40.7 | O4: 84.5 | P4: 6.13 | Q4: 3.13 | R4: MB-202 | S4: Supplier W | T4: Review
A5: 10942 | B5: 45837 | C5: Plant B | D5: Line 4 | E5: Widget A | F5: Morning | G5: M-07 | H5: OP-117 | I5: B1070 | J5: 874 | K5: 10 | L5: Dent | M5: 158 | N5: 13.5 | O5: 63.1 | P5: 3.78 | Q5: 4.06 | R5: MB-208 | S5: Supplier Y | T5: Pass
A6: 10304 | B6: 45857 | C6: Plant C | D6: Line 3 | E6: Widget C | F6: Evening | G6: M-12 | H6: OP-130 | I6: B1003 | J6: 1381 | K6: 37 | L6: Assembly Error | M6: 171 | N6: 41.6 | O6: 75.9 | P6: 5.43 | Q6: 0.6 | R6: MB-221 | S6: Supplier Z | T6: Pass
A7: 11480 | B7: 45856 | C7: Plant C | D7: Line 2 | E7: Widget C | F7: Evening | G7: M-10 | H7: OP-135 | I7: B1128 | J7: 1098 | K7: 5 | L7: Scratch | M7: 49 | N7: 41.3 | O7: 69.4 | P7: 4.56 | Q7: 0.73 | R7: MB-203 | S7: Supplier Z | T7: Pass
A8: 10176 | B8: 45825 | C8: Plant C | D8: Line 1 | E8: Widget A | F8: NIGHT | G8: M-04 | H8: OP-147 | I8: B1062 | J8: 1364 | K8: 13 | L8: Dimension Error | M8: 114 | N8: 35.6 | O8: 65.3 | P8: 5.15 | Q8: 2.01 | R8: MB-202 | S8: Supplier Y | T8: Pass
A9: 10343 | B9: 45673 | C9: Plant B | D9: Line 4 | E9: Widget C | F9: Evening | G9: M-02 | H9: OP-143 | I9: B1016 | J9: 1308 | K9: 16 | L9: Crack | M9: 36 | N9: 40.2 | O9: 59.2 | P9: 4.61 | Q9: 3.52 | R9: MB-227 | S9: Supplier X | T9: Pass
A10: 11309 | B10: 45916 | C10: Plant A | D10: Line 3 | E10: Widget A | F10: Evening | G10: M-06 | H10: OP-139 | I10: B1152 | J10: 916 | K10: 60 | L10: Scratch | M10: 68 | N10: 49.8 | O10: 82.4 | P10: 3.78 | Q10: 3.32 | R10: MB-235 | S10: Supplier X | T10: Review
A11: 11230 | B11: 45933 | C11: Plant C | D11: Line 1 | E11: Widget A | F11: Morning | G11: M-02 | H11: OP-123 | I11: B1104 | J11: 650 | K11: 33 | L11: Dent | M11: 97 | N11: 31.8 | O11: 73.9 | P11: 5.07 | Q11: 4.02 | R11: MB-241 | S11: Supplier Z | T11: Review
A12: 10585 | B12: 45830 | C12: Plant A | D12: Line 2 | E12: Widget C | F12: Night | G12: M-06 | H12: OP-114 | I12: B1119 | J12: 949 | K12: 11 | L12: Crack | M12: 156 | N12: 33.6 | O12: 56.1 | P12: 5.41 | Q12: 2.47 | R12: MB-237 | S12: Supplier Z | T12: Pass
A13: 10549 | B13: 45947 | C13: Plant A | D13: Line 1 | E13: Widget C | F13: Evening | G13: M-07 | H13: OP-131 | I13: B1039 | J13: 929 | K13: 37 | L13: Crack | M13: 146 | N13: 31.2 | O13: 82.6 | P13: 6.46 | Q13: 1.85 | R13: MB-244 | S13: Supplier X | T13: Review
... A22: 11115 | B22: 45907 | C22: Plant C | D22: Line 1 | E22: Widget C | F22: morning | G22: M-11 | H22: OP-119 | I22: B1125 | J22: 764 | K22: 3 | L22: Dent | M22: 85 | N22: 47.8 | O22: 57.6 | P22: 6.39 | Q22: 4.71 | R22: MB-241 | S22: Supplier W | T22: Pass
A23: 10454 | B23: 45832 | C23: Plant C | D23: Line 1 | E23: Widget A | F23: Morning | G23: M-02 | H23: OP-107 | I23: B1048 | J23: 582 | K23: 5 | L23: Assembly Error | M23: 20 | N23: 57 | P23: 3.61 | Q23: 1.15 | R23: MB-225 | S23: Supplier Y | T23: Pass
A24: 10472 | B24: 45829 | C24: Plant A | D24: Line 1 | E24: Widget D | F24: Morning | G24: M-07 | H24: OP-145 | I24: B1133 | J24: 1518 | K24: 15 | L24: Assembly Error | M24: 28 | N24: 46.8 | O24: 79.7 | P24: 4.22 | Q24: 5.22 | R24: MB-223 | S24: Supplier W | T24: Pass
A25: 10325 | B25: 45726 | C25: Plant A | D25: Line 2 | E25: Widget A | F25: Evening | G25: M-04 | H25: OP-136 | I25: B1145 | J25: 1485 | K25: 51 | L25: Scratch | M25: 13 | N25: 38.9 | O25: 64 | P25: 6.02 | Q25: 2.08 | R25: MB-214 | S25: Supplier X | T25: Review
A26: 10428 | B26: 45737 | C26: Plant B | D26: Line 1 | E26: Widget B | F26: Night | G26: M-06 | H26: OP-108 | I26: B1130 | J26: 657 | K26: 8 | L26: Color Defect | M26: 29 | N26: 35.7 | O26: 80.6 | P26: 5.6 | Q26: 2.17 | R26: MB-230 | S26: Supplier X | T26: Pass
A27: 11218 | B27: 46001 | C27: Plant B | D27: Line 2 | E27: Widget D | F27: Evening | G27: M-01 | H27: OP-109 | I27: B1153 | J27: 674 | K27: 11 | L27: Color Defect | M27: 28 | N27: 45.1 | O27: 63.6 | P27: 5.47 | Q27: 2.18 | R27: MB-247 | S27: Supplier X | T27: Pass
A28: 10462 | B28: 45909 | C28: Plant A | D28: Line 4 | E28: Widget D | F28: Morning | G28: M-03 | H28: OP-147 | I28: B1011 | J28: 768 | K28: 68 | L28: Color Defect | M28: 153 | N28: 46.3 | O28: 75.1 | P28: 4.97 | Q28: 3.63 | R28: MB-234 | S28: Supplier X | T28: Review
A29: 10307 | B29: 45795 | C29: Plant C | D29: Line 4 | E29: Widget A | F29: Morning | G29: M-03 | H29: OP-105 | I29: B1136 | J29: 958 | K29: 4 | L29: Dimension Error | M29: 25 | N29: 44.1 | O29: 71.5 | P29: 4.29 | Q29: 1.82 | R29: MB-243 | S29: Supplier X | T29: Pass
A30: 11465 | B30: 45929 | C30: Plant A | D30: Line 3 | E30: Widget A | F30: Morning | G30: M-08 | H30: OP-118 | I30: B1034 | J30: 700 | K30: 6 | L30: Color Defect | M30: 178 | N30: 26.5 | O30: 71.7 | P30: 4.33 | Q30: 2.94 | R30: MB-237 | S30: Supplier W | T30: Pass
A31: 10799 | B31: 45676 | C31: Plant B | D31: Line 3 | E31: Widget B | F31: Night | G31: M-10 | H31: OP-135 | I31: B1126 | J31: 625 | K31: 8 | L31: Color Defect | M31: 62 | N31: 51.1 | O31: 71.4 | P31: 5.37 | Q31: 2.69 | R31: MB-201 | S31: Supplier W | T31: Pass
A32: 10310 | B32: 45727 | C32: Plant A | D32: Line 3 | E32: Widget D | F32: Evening | G32: M-02 | H32: OP-150 | I32: B1152 | J32: 1589 | K32: 14 | L32: Dent | M32: 144 | N32: 44.8 | O32: 77.7 | Q32: 2.44 | R32: MB-201 | S32: Supplier W | T32: Pass
A33: 10352 | B33: 45947 | C33: Plant B | D33: Line 3 | E33: Widget B | F33: Evening | G33: M-03 | H33: OP-118 | I33: B1040 | J33: 829 | K33: 30 | L33: Assembly Error | M33: 52 | N33: 42.8 | O33: 65 | P33: 4.94 | Q33: 3.45 | R33: MB-226 | T33: Review
A34: 10827 | B34: 45794 | C34: Plant B | D34: Line 4 | E34: Widget A | F34: Night | G34: M-11 | H34: OP-115 | I34: B1195 | J34: 581 | K34: 2 | L34: Crack | M34: 74 | N34: 43.6 | O34: 70 | P34: 5.19 | Q34: 4.57 | R34: MB-212 | S34: Supplier Z | T34: Pass
A35: 10142 | B35: 45720 | C35: Plant B | D35: Line 3 | E35: Widget C | F35: Morning | G35: M-07 | H35: OP-116 | I35: B1113 | J35: 960 | K35: 35 | L35: Crack | M35: 26 | N35: 49.9 | O35: 79.6 | P35: 4.58 | Q35: 3.25 | R35: MB-220 | S35: Supplier W | T35: Review
A36: 10953 | B36: 45727 | C36: Plant B | D36: Line 4 | E36: Widget A | F36: Morning | G36: M-11 | H36: OP-109 | I36: B1076 | J36: 473 | K36: 36 | L36: Crack | M36: 18 | N36: 44 | O36: 66.2 | P36: 4.73 | Q36: 4.09 | R36: MB-233 | S36: Supplier X | T36: Review
A37: 10465 | B37: 45984 | C37: Plant B | D37: Line 2 | E37: Widget B | F37: Evening | G37: M-10 | H37: OP-129 | I37: B1072 | J37: 1069 | K37: 7 | L37: Scratch | M37: 104 | N37: 42.5 | O37: 85.6 | P37: 3.71 | Q37: 1.25 | R37: MB-232 | S37: Supplier Y | T37: Pass
A38: 10722 | B38: 45928 | C38: Plant-C | D38: Line 3 | E38: Widget B | F38: Evening | G38: M-07 | H38: OP-118 | I38: B1149 | J38: 700 | K38: 5 | L38: Assembly Error | M38: 65 | N38: 42.2 | O38: 76.6 | P38: 5.63 | Q38: 0.09 | R38: MB-207 | S38: Supplier X | T38: Pass
A39: 10721 | B39: 45724 | C39: Plant C | D39: Line 2 | E39: Widget B | F39: Night | G39: M-12 | H39: OP-110 | I39: B1048 | J39: 1408 | K39: 5 | L39: Dimension Error | M39: 19 | N39: 43.5 | P39: 7.37 | Q39: 1.09 | R39: MB-229 | S39: Supplier X | T39: Pass
A40: 11151 | B40: 45703 | C40: Plant C | D40: Line 1 | E40: Widget B | F40: Morning | G40: M-12 | H40: OP-117 | I40: B1008 | J40: 1039 | K40: 13 | L40: Color Defect | M40: 74 | N40: 38.2 | P40: 4.61 | Q40: 2.78 | R40: MB-218 | S40: Supplier X | T40: Pass
A41: 11007 | B41: 46012 | C41: plant c | D41: Line 1 | E41: Widget C | F41: Morning | G41: M-02 | H41: OP-123 | I41: B1190 | J41: 1057 | K41: 14 | L41: Scratch | M41: 51 | N41: 34.2 | O41: 71.7 | P41: 4.85 | Q41: 4.07 | R41: MB-233 | S41: Supplier Z | T41: Pass
A42: 11179 | B42: 45941 | C42: Plant B | D42: Line 4 | E42: Widget D | F42: Night | G42: M-10 | I42: B1004 | J42: 1369 | K42: 18 | L42: Assembly Error | M42: 105 | N42: 40.7 | O42: 68.4 | P42: 5.82 | Q42: 4.37 | R42: MB-236 | S42: Supplier X | T42: Pass
A43: 10599 | B43: 45938 | C43: Plant A | D43: Line 3 | E43: Widget A | F43: Morning | G43: M-06 | H43: OP-149 | I43: B1111 | J43: 648 | K43: 1 | L43: Assembly Error | M43: 90 | N43: 32.6 | O43: 67.6 | P43: 4.83 | Q43: 3.73 | R43: MB-241 | S43: Supplier Y | T43: Pass
A44: 10808 | B44: 45953 | C44: Plant A | D44: Line 3 | E44: Widget D | F44: Evening | G44: M-12 | H44: OP-141 | I44: B1028 | J44: 1023 | K44: 3 | L44: Dent | M44: 27 | N44: 37.3 | O44: 71.3 | P44: 4.53 | Q44: 2.9 | R44: MB-236 | S44: Supplier Y | T44: Pass
A45: 10068 | B45: 45883 | C45: Plant A | D45: Line 4 | E45: Widget A | F45: morning | G45: M-09 | H45: OP-139 | I45: B1014 | J45: 1506 | K45: 9 | L45: Dent | M45: 123 | N45: 38.2 | O45: 79 | P45: 5.57 | Q45: 3.44 | R45: MB-219 | S45: Supplier Y | T45: Pass
A46: 10900 | B46: 45761 | C46: Plant B | D46: Line 1 | E46: Widget C | F46: Evening | G46: M-06 | H46: OP-138 | I46: B1130 | J46: 1578 | K46: 19 | L46: Dent | M46: 116 | N46: 41.2 | O46: 80.4 | P46: 5.53 | Q46: 2.44 | R46: MB-223 | S46: Supplier W | T46: Pass
A47: 10298 | B47: 45870 | C47: Plant A | D47: Line 1 | E47: Widget A | F47: Evening | G47: M-09 | H47: OP-131 | I47: B1051 | J47: 1140 | K47: 10 | L47: Assembly Error | M47: 44 | N47: 39.1 | O47: 71.5 | P47: 5.52 | Q47: 3.09 | R47: MB-228 | S47: Supplier Z | T47: Pass
A48: 11280 | B48: 45727 | C48: Plant C | D48: Line 3 | E48: Widget D | F48: Evening | G48: M-05 | H48: OP-108 | I48: B1063 | J48: 894 | K48: 13 | L48: Dimension Error | M48: 162 | N48: 42.9 | O48: 70.5 | P48: 6.1 | Q48: 2.63 | R48: MB-208 | S48: Supplier Z | T48: Pass
A49: 10272 | B49: 45731 | C49: Plant C | D49: Line 1 | E49: Widget A | F49: Night | G49: M-07 | H49: OP-144 | I49: B1180 | J49: 941 | K49: 7 | L49: Dimension Error | M49: 75 | N49: 49.4 | O49: 72.1 | P49: 6.91 | Q49: 1.41 | R49: MB-201 | S49: Supplier Y | T49: Pass
A50: 11085 | B50: 45857 | C50: Plant A | D50: Line 1 | E50: Widget D | F50: Evening | G50: M-07 | H50: OP-117 | I50: B1102 | J50: 739 | K50: 8 | L50: Color Defect | M50: 137 | N50: 35.2 | O50: 69.5 | P50: 6.78 | Q50: 1.33 | R50: MB-234 | S50: Supplier X | T50: Pass
A51: 10052 | B51: 45677 | C51: Plant A | D51: Line 1 | E51: Widget B | F51: Evening | G51: M-09 | H51: OP-134 | I51: B1052 | J51: 1158 | K51: 7 | L51: Dimension Error | M51: 176 | N51: 39.5 | O51: 74.1 | P51: 5.43 | Q51: 2.84 | R51: MB-222 | S51: Supplier W | T51: Pass
A52: 10427 | B52: 45725 | C52: Plant C | D52: Line 4 | E52: Widget A | F52: Evening | G52: M-11 | H52: OP-133 | I52: B1018 | J52: 791 | K52: 3 | L52: Assembly Error | M52: 153 | N52: 48.6 | O52: 81.5 | P52: 5.12 | Q52: 4.87 | R52: MB-244 | S52: Supplier W | T52: Pass
A53: 10429 | B53: 45792 | C53: Plant B | D53: Line 3 | E53: Widget A | F53: MORNING | G53: M-09 | H53: OP-132 | I53: B1037 | J53: 1072 | K53: 7 | L53: Assembly Error | M53: 154 | N53: 39.8 | O53: 59.3 | P53: 6.11 | Q53: 1.88 | R53: MB-226 | S53: Supplier X | T53: Pass
A54: 10241 | B54: 46015 | C54: Plant B | D54: Line 3 | E54: Widget C | F54: Evening | G54: M-06 | H54: OP-138 | I54: B1063 | J54: 1169 | K54: 4 | L54: Scratch | M54: 91 | N54: 53.1 | O54: 67.3 | P54: 4.96 | Q54: 2.41 | R54: MB-209 | S54: Supplier Y | T54: Pass
... A85: 10124 | B85: 45908 | C85: Plant C | D85: Line 3 | E85: Widget C | F85: Morning | G85: M-08 | H85: OP-146 | I85: B1037 | J85: 1000 | K85: 12 | L85: Assembly Error | M85: 146 | N85: 43 | O85: 80.8 | P85: 5.4 | Q85: 2.73 | R85: MB-213 | S85: Supplier Z | T85: Pass
A86: 10030 | B86: 45968 | C86: Plant B | D86: Line 4 | E86: Widget A | F86: Evening | G86: M-05 | H86: OP-138 | I86: B1002 | J86: 1276 | K86: 17 | M86: 27 | N86: 38.8 | O86: 77 | P86: 4.35 | Q86: 2.64 | R86: MB-250 | S86: Supplier X | T86: Pass
A87: 10245 | B87: 45931 | C87: Plant C | D87: Line 3 | E87: Widget C | F87: Evening | G87: M-06 | H87: OP-137 | I87: B1185 | J87: 1196 | K87: 4 | L87: Assembly Error | M87: 165 | N87: 39 | O87: 75.8 | P87: 4.1 | Q87: 2.5 | R87: MB-203 | S87: Supplier X | T87: Pass
A88: 11080 | B88: 45748 | C88: Plant-C | D88: Line 2 | E88: Widget A | F88: Night | G88: M-04 | H88: OP-144 | I88: B1142 | J88: 1318 | K88: 18 | L88: Dent | M88: 80 | N88: 35.6 | O88: 81.5 | P88: 6.34 | Q88: 3.71 | R88: MB-229 | S88: Supplier X | T88: Pass
A89: 10169 | B89: 45804 | C89: Plant C | D89: Line 3 | E89: Widget B | F89: Night | G89: M-04 | H89: OP-144 | I89: B1150 | J89: 788 | K89: 6 | L89: Assembly Error | M89: 6 | N89: 44.6 | O89: 78.5 | P89: 4.68 | Q89: 3.65 | R89: MB-202 | S89: Supplier Y | T89: Pass
A90: 10066 | B90: 45890 | C90: Plant A | D90: Line 4 | E90: Widget C | F90: Morning | G90: M-08 | H90: OP-145 | I90: B1162 | J90: 1038 | K90: 9 | L90: Scratch | M90: 74 | N90: 50.3 | O90: 70.1 | P90: 4.25 | Q90: 2.36 | R90: MB-236 | S90: Supplier X | T90: Pass
A91: 10421 | B91: 45769 | C91: Plant B | D91: Line 1 | E91: Widget A | F91: Night | G91: M-08 | H91: OP-110 | I91: B1040 | J91: 504 | K91: 6 | L91: Scratch | M91: 81 | N91: 28.1 | O91: 66.6 | P91: 5.05 | Q91: 1.59 | R91: MB-222 | S91: Supplier X | T91: Pass
A92: 10572 | B92: 45670 | C92: Plant B | D92: Line 1 | E92: Widget D | F92: Evening | G92: M-02 | H92: OP-108 | I92: B1047 | J92: 488 | K92: 4 | L92: Scratch | M92: 89 | N92: 43.2 | O92: 74.8 | P92: 4.63 | Q92: 3.5 | R92: MB-250 | S92: Supplier Y | T92: Pass
A93: 11047 | B93: 45766 | C93: Plant B | D93: Line 3 | E93: Widget D | F93: Evening | G93: M-10 | H93: OP-140 | I93: B1073 | J93: 523 | K93: 7 | L93: Dent | M93: 50 | N93: 25.3 | O93: 70.1 | P93: 5.17 | Q93: 4.21 | R93: MB-239 | S93: Supplier Z | T93: Pass
A94: 11315 | B94: 45792 | C94: Plant A | D94: Line 1 | E94: Widget C | F94: Night | G94: M-11 | H94: OP-110 | I94: B1128 | J94: 975 | K94: 13 | L94: Dimension Error | M94: 160 | N94: 51.6 | O94: 69.1 | P94: 5.3 | Q94: 2.91 | R94: MB-208 | S94: Supplier W | T94: Pass
A95: 11282 | B95: 45853 | C95: Plant A | D95: Line 2 | E95: Widget C | F95: Morning | G95: M-06 | H95: OP-121 | I95: B1072 | J95: 1490 | K95: 22 | L95: Scratch | M95: 123 | N95: 32.3 | O95: 70.8 | P95: 4.85 | Q95: 2.25 | R95: MB-247 | S95: Supplier W | T95: Pass
A96: 11160 | B96: 45696 | C96: Plant C | D96: Line 3 | E96: Widget B | F96: Evening | G96: M-09 | H96: OP-134 | I96: B1200 | J96: 1408 | K96: 24 | L96: Color Defect | M96: 39 | N96: 39.7 | O96: 74.3 | P96: 3.88 | Q96: 2.7 | R96: MB-218 | S96: Supplier Z | T96: Pass
A97: 11037 | B97: 45934 | C97: Plant C | D97: Line 3 | E97: Widget D | F97: Evening | G97: M-11 | H97: OP-150 | I97: B1185 | J97: 483 | K97: 2 | L97: Assembly Error | M97: 24 | N97: 45.3 | O97: 81.7 | P97: 4.93 | Q97: 1.74 | R97: MB-220 | S97: Supplier Y | T97: Pass
A98: 10799 | B98: 45676 | C98: Plant B | D98: Line 3 | E98: Widget B | F98: Night | G98: M-10 | H98: OP-135 | I98: B1126 | J98: 625 | K98: 8 | L98: Color Defect | M98: 62 | N98: 51.1 | O98: 71.4 | P98: 5.37 | Q98: 2.69 | R98: MB-201 | S98: Supplier W | T98: Pass
... A124: 10116 | B124: 45824 | C124: Plant B | D124: Line 4 | E124: Widget D | F124: night | G124: M-06 | H124: OP-110 | I124: B1098 | J124: 471 | K124: 6 | L124: Color Defect | M124: 67 | N124: 27.1 | O124: 71.7 | P124: 5.3 | Q124: 3.97 | R124: MB-203 | S124: Supplier Y | T124: Pass
A125: 11095 | B125: 45803 | C125: Plant B | D125: Line 1 | E125: Widget D | F125: Evening | G125: M-10 | H125: OP-141 | I125: B1193 | J125: 805 | K125: 20 | L125: Scratch | M125: 44 | N125: 37.6 | O125: 57.6 | P125: 4.55 | Q125: 2.03 | R125: MB-224 | S125: Supplier W | T125: Pass
A126: 11114 | B126: 45913 | C126: plant c | D126: Line 1 | E126: Widget B | F126: Morning | G126: M-11 | H126: OP-107 | I126: B1058 | J126: 1347 | K126: 52 | L126: Scratch | M126: 127 | N126: 42.2 | O126: 73.5 | P126: 5.6 | Q126: 3.22 | R126: MB-215 | S126: Supplier Z | T126: Review
A127: 10440 | B127: 45973 | C127: Plant B | D127: Line 1 | E127: Widget A | F127: Morning | G127: M-05 | H127: OP-102 | I127: B1096 | J127: 1247 | K127: 11 | L127: Crack | M127: 171 | N127: 43 | O127: 79 | P127: 4.2 | Q127: 1.11 | R127: MB-238 | S127: Supplier Z | T127: Pass
A128: 10711 | B128: 45824 | C128: Plant A | D128: Line 4 | E128: Widget C | F128: Evening | G128: M-04 | H128: OP-106 | I128: B1188 | J128: 1140 | K128: 16 | L128: Crack | M128: 47 | N128: 36.6 | O128: 81 | P128: 5.34 | Q128: 1.86 | R128: MB-236 | S128: Supplier W | T128: Pass
A129: 10238 | B129: 45811 | C129: Plant B | D129: Line 3 | E129: Widget C | F129: Morning | G129: M-11 | H129: OP-119 | I129: B1191 | J129: 660 | K129: 8 | L129: Crack | M129: 138 | N129: 36.1 | O129: 63.4 | P129: 5.87 | Q129: 3.06 | R129: MB-239 | S129: Supplier W | T129: Pass
A130: 10221 | B130: 45753 | C130: Plant C | D130: Line 4 | E130: Widget A | F130: Evening | G130: M-05 | H130: OP-132 | I130: B1197 | J130: 1479 | K130: 9 | L130: Scratch | M130: 39 | N130: 41.1 | O130: 76.6 | P130: 4.63 | Q130: 3.74 | R130: MB-241 | S130: Supplier Z | T130: Pass
A131: 11055 | B131: 45870 | C131: Plant B | D131: Line 2 | E131: Widget D | F131: Evening | G131: M-09 | H131: OP-118 | I131: B1145 | J131: 996 | K131: 4 | L131: Dimension Error | M131: 129 | N131: 51 | O131: 72.4 | P131: 3.75 | Q131: 0.93 | R131: MB-241 | S131: Supplier W | T131: Pass
A132: 11173 | B132: 45694 | C132: Plant-B | D132: Line 4 | E132: Widget A | F132: Morning | G132: M-12 | H132: OP-141 | I132: B1055 | J132: 1382 | K132: 13 | L132: Crack | M132: 84 | N132: 49.3 | O132: 70.4 | P132: 5.05 | Q132: 2.12 | R132: MB-231 | S132: Supplier X | T132: Pass
A133: 10793 | B133: 45865 | C133: Plant C | D133: Line 3 | E133: Widget A | F133: Night | G133: M-08 | H133: OP-141 | I133: B1183 | J133: 1157 | K133: 13 | L133: Assembly Error | M133: 35 | N133: 43.6 | O133: 69.3 | P133: 5.92 | Q133: 2.27 | R133: MB-214 | S133: Supplier Z | T133: Pass
A134: 11256 | B134: 45739 | C134: Plant A | D134: Line 3 | E134: Widget B | F134: Morning | G134: M-01 | H134: OP-109 | I134: B1145 | J134: 779 | K134: 11 | L134: Assembly Error | M134: 17 | N134: 42.9 | O134: 73.7 | P134: 4.89 | Q134: 5 | R134: MB-230 | S134: Supplier Z | T134: Pass
A135: 10079 | B135: 45941 | C135: Plant A | D135: Line 3 | E135: Widget A | F135: Morning | G135: M-12 | H135: OP-137 | I135: B1048 | J135: 582 | K135: 3 | L135: Dimension Error | M135: 124 | N135: 44.5 | O135: 82.4 | P135: 4.96 | Q135: 3.22 | R135: MB-219 | S135: Supplier Y | T135: Pass
A136: 10768 | B136: 45944 | C136: Plant A | D136: Line 3 | E136: Widget C | F136: Night | G136: M-05 | H136: OP-128 | I136: B1138 | J136: 687 | K136: 18 | L136: Color Defect | M136: 47 | N136: 52.5 | O136: 75.8 | P136: 5.62 | Q136: 2.45 | R136: MB-221 | S136: Supplier X | T136: Pass
A137: 11395 | B137: 45736 | C137: Plant B | D137: Line 4 | E137: Widget B | F137: Morning | G137: M-09 | H137: OP-149 | I137: B1051 | J137: 543 | K137: 7 | L137: Assembly Error | M137: 125 | N137: 47.9 | O137: 61.6 | P137: 4.27 | Q137: 1.21 | R137: MB-203 | S137: Supplier W | T137: Pass
... A157: 11380 | B157: 45704 | C157: Plant B | D157: Line 1 | E157: Widget C | F157: evening | G157: M-05 | H157: OP-126 | I157: B1116 | J157: 589 | K157: 8 | L157: Color Defect | M157: 67 | N157: 50.6 | O157: 73.7 | P157: 6.6 | Q157: 1.32 | R157: MB-207 | S157: Supplier X | T157: Pass
A158: 10932 | B158: 45779 | C158: Plant A | D158: Line 3 | E158: Widget C | F158: Evening | G158: M-06 | H158: OP-103 | I158: B1079 | J158: 604 | K158: 5 | M158: 63 | N158: 33.4 | O158: 76.5 | P158: 5.1 | Q158: 1.3 | R158: MB-223 | S158: Supplier Y | T158: Pass
A159: 10482 | B159: 45912 | C159: Plant B | D159: Line 2 | E159: Widget C | F159: Night | G159: M-06 | H159: OP-143 | I159: B1081 | J159: 646 | K159: 4 | L159: Assembly Error | M159: 112 | N159: 38.5 | O159: 70.6 | P159: 5.92 | Q159: 1.96 | R159: MB-208 | S159: Supplier W | T159: Pass
A160: 10345 | B160: 45682 | C160: PLANT C | D160: Line 4 | E160: Widget D | F160: Evening | G160: M-02 | H160: OP-137 | I160: B1025 | J160: 681 | K160: 3 | L160: Crack | M160: 141 | N160: 48.1 | O160: 62.5 | P160: 5.67 | Q160: 3.48 | R160: MB-235 | S160: Supplier Y | T160: Pass
A161: 10232 | B161: 45735 | C161: Plant B | D161: Line 1 | E161: Widget C | F161: Night | G161: M-12 | H161: OP-120 | I161: B1124 | J161: 1027 | K161: 8 | L161: Scratch | M161: 107 | N161: 36.6 | O161: 72 | P161: 5.36 | Q161: 1.92 | R161: MB-213 | S161: Supplier Y | T161: Pass
A162: 11340 | B162: 45733 | C162: Plant-A | D162: Line 4 | E162: Widget C | F162: MORNING | G162: M-08 | H162: OP-132 | I162: B1107 | J162: 962 | K162: 10 | L162: Scratch | M162: 103 | N162: 31.4 | O162: 65.2 | P162: 4.19 | Q162: 2.32 | R162: MB-232 | S162: Supplier X | T162: Pass
A163: 10986 | B163: 45866 | C163: Plant A | D163: Line 1 | E163: Widget A | F163: Night | G163: M-05 | H163: OP-137 | I163: B1070 | J163: 1533 | K163: 19 | L163: Dent | M163: 180 | N163: 40.3 | O163: 65 | P163: 5.47 | Q163: 3.01 | R163: MB-210 | S163: Supplier Y | T163: Pass
A164: 10589 | B164: 45900 | C164: plant b | D164: Line 1 | E164: Widget A | F164: Morning | G164: M-12 | H164: OP-109 | I164: B1054 | J164: 705 | K164: 19 | L164: Dimension Error | M164: 121 | N164: 35 | O164: 79.6 | P164: 5.32 | Q164: 1.67 | R164: MB-244 | S164: Supplier X | T164: Pass
A165: 10044 | B165: 46022 | C165: Plant C | D165: Line 1 | E165: Widget D | F165: Morning | G165: M-04 | H165: OP-112 | I165: B1172 | J165: 966 | K165: 13 | L165: Dimension Error | M165: 134 | N165: 42.2 | O165: 70.9 | P165: 6.56 | Q165: 3.37 | R165: MB-226 | S165: Supplier X | T165: Pass
A166: 10423 | B166: 45818 | C166: Plant A | D166: Line 4 | E166: Widget D | F166: Morning | G166: M-07 | H166: OP-126 | I166: B1086 | J166: 570 | K166: 2 | L166: Assembly Error | M166: 86 | N166: 38 | O166: 78.8 | P166: 5.8 | Q166: 2.05 | R166: MB-202 | S166: Supplier W | T166: Pass
A167: 10608 | B167: 45791 | C167: Plant A | D167: Line 3 | E167: Widget D | F167: Morning | G167: M-08 | H167: OP-101 | I167: B1095 | J167: 848 | K167: 60 | L167: Assembly Error | M167: 126 | N167: 60.9 | O167: 81.8 | P167: 6.14 | Q167: 4.11 | R167: MB-246 | S167: Supplier Y | T167: Review
A168: 10869 | B168: 45776 | C168: Plant A | D168: Line 2 | E168: Widget B | F168: Morning | G168: M-09 | H168: OP-150 | I168: B1062 | J168: 925 | K168: 13 | L168: Scratch | M168: 76 | N168: 41.9 | O168: 87.9 | P168: 5.38 | Q168: 1.32 | R168: MB-243 | S168: Supplier Y | T168: Pass
A169: 11206 | B169: 46019 | C169: Plant A | D169: Line 4 | E169: Widget A | F169: Morning | G169: M-12 | H169: OP-112 | I169: B1049 | J169: 450 | K169: 5 | L169: Color Defect | M169: 65 | N169: 44.6 | O169: 73.8 | P169: 5.26 | Q169: 2.78 | R169: MB-227 | S169: Supplier Y | T169: Pass
A170: 10102 | B170: 45695 | C170: Plant C | D170: Line 4 | E170: Widget D | F170: Night | G170: M-08 | H170: OP-140 | I170: B1152 | J170: 948 | K170: 4 | L170: Dent | M170: 77 | N170: 33.2 | O170: 68 | P170: 5.42 | Q170: 1.78 | R170: MB-213 | S170: Supplier X | T170: Pass
... A172: 11074 | B172: 45738 | C172: Plant C | D172: Line 1 | E172: Widget C | F172: Evening | G172: M-02 | H172: OP-133 | I172: B1115 | J172: 1492 | K172: 13 | L172: Dent | M172: 110 | N172: 42.6 | O172: 77.6 | P172: 6.44 | Q172: 3.65 | R172: MB-247 | S172: Supplier Y | T172: Pass
A173: 11059 | B173: 46018 | C173: Plant B | D173: Line 3 | E173: Widget D | F173: Night | G173: M-01 | H173: OP-140 | I173: B1101 | J173: 483 | K173: 7 | L173: Dent | M173: 166 | N173: 46 | O173: 66.7 | P173: 3.63 | Q173: 2.67 | R173: MB-208 | S173: Supplier Z | T173: Pass
A174: 10584 | B174: 45901 | C174: Plant-A | D174: Line 2 | E174: Widget D | F174: Morning | G174: M-04 | H174: OP-127 | I174: B1133 | J174: 915 | K174: 68 | L174: Scratch | M174: 167 | N174: 40.9 | O174: 57.8 | P174: 4.57 | Q174: 3.52 | R174: MB-237 | S174: Supplier X | T174: Review
A175: 10911 | B175: 45866 | C175: Plant A | D175: Line 4 | E175: Widget D | F175: Morning | G175: M-01 | H175: OP-114 | I175: B1025 | J175: 501 | K175: 4 | L175: Scratch | M175: 7 | N175: 39.7 | O175: 74.5 | P175: 5.98 | Q175: 1.7 | R175: MB-230 | S175: Supplier Y | T175: Pass
A176: 11266 | B176: 46018 | C176: Plant C | D176: Line 1 | E176: Widget B | F176: Morning | G176: M-07 | H176: OP-139 | I176: B1085 | J176: 479 | K176: 4 | L176: Dimension Error | M176: 45 | N176: 48.6 | O176: 67.5 | P176: 4.17 | Q176: 3.8 | R176: MB-227 | S176: Supplier Z | T176: Pass
A177: 10746 | B177: 45878 | C177: Plant-C | D177: Line 2 | E177: Widget D | F177: Morning | G177: M-12 | H177: OP-121 | I177: B1111 | J177: 1047 | K177: 14 | L177: Assembly Error | M177: 89 | N177: 42 | O177: 90.2 | P177: 5.15 | Q177: 2.71 | R177: MB-244 | S177: Supplier Y | T177: Pass
A178: 10987 | B178: 45662 | C178: Plant B | D178: Line 4 | E178: Widget C | F178: Evening | G178: M-08 | H178: OP-147 | I178: B1059 | J178: 598 | K178: 2 | L178: Scratch | M178: 7 | N178: 46.7 | O178: 77.4 | P178: 4.46 | Q178: 3.01 | R178: MB-234 | S178: Supplier Y | T178: Pass
A179: 11176 | B179: 45984 | C179: PLANT A | D179: Line 3 | E179: Widget D | F179: Morning | G179: M-08 | H179: OP-140 | I179: B1092 | J179: 1441 | K179: 12 | L179: Dimension Error | M179: 137 | N179: 42.6 | O179: 88.9 | P179: 5.5 | Q179: 3.19 | R179: MB-215 | S179: Supplier Z | T179: Pass
A180: 10129 | B180: 45875 | C180: Plant C | D180: Line 4 | E180: Widget C | F180: Morning | G180: M-01 | H180: OP-129 | I180: B1108 | J180: 1560 | K180: 11 | L180: Assembly Error | M180: 103 | N180: 45.2 | O180: 62.1 | P180: 4.48 | Q180: 2.06 | R180: MB-212 | S180: Supplier X | T180: Pass
A181: 10706 | B181: 45898 | C181: Plant C | D181: Line 4 | E181: Widget C | F181: Morning | G181: M-11 | H181: OP-145 | I181: B1012 | J181: 735 | K181: 8 | L181: Scratch | M181: 159 | N181: 35.9 | O181: 73.2 | P181: 6.06 | Q181: 2.39 | R181: MB-202 | S181: Supplier Z | T181: Pass
A182: 10278 | B182: 45922 | C182: Plant A | D182: Line 3 | E182: Widget C | F182: Evening | G182: M-05 | H182: OP-119 | I182: B1089 | J182: 1184 | K182: 2 | L182: Dimension Error | M182: 30 | N182: 29.1 | O182: 64.9 | P182: 5.15 | Q182: 3.39 | R182: MB-202 | S182: Supplier Y | T182: Pass
A183: 11440 | B183: 45781 | C183: Plant A | D183: Line 3 | E183: Widget D | F183: Night | G183: M-02 | H183: OP-112 | I183: B1113 | J183: 1321 | K183: 10 | L183: Crack | M183: 7 | N183: 41.1 | O183: 72.7 | P183: 5.47 | Q183: 3.64 | R183: MB-230 | S183: Supplier Y | T183: Pass
...

Sheet Clean_Data
A1: Inspection_ID | B1: Inspection_Date | C1: Plant | D1: Production_Line | E1: Product | F1: Shift | G1: Machine_ID | H1: Operator_ID | I1: Batch_ID | J1: Production_Qty | K1: Defect_Qty | L1: Defect_Type | M1: Downtime_Min | N1: Cycle_Time_Sec | O1: Temperature_C | P1: Pressure_Bar | Q1: Vibration_mm_s | R1: Material_Batch | S1: Supplier | T1: Inspection_Status | U1: Temperature_Flag | V1: Pressure_Flag | W1: Vibration_Flag | X1: Column1
A2: 10063 | B2: 45924 | C2: Plant A | D2: Line 4 | E2: Widget C | F2: Morning | G2: M-09 | H2: OP-103 | I2: B1152 | J2: 1230 | K2: 6 | L2: Dent | M2: 80 | N2: 41.5 | O2: 160 | P2: 5.3 | Q2: 3.05 | R2: MB-233 | S2: Supplier W | T2: Pass | U2: =IF(OR(O2<20,O2>100),"Investigate","Normal") -> Investigate | V2: =IF(OR(P2<2,P2>10),"Investigate","Normal") -> Normal | W2: =IF(Q2>10,"Investigate","Normal") -> Normal
A3: 10611 | B3: 45846 | C3: Plant A | D3: Line 2 | E3: Widget B | F3: Night | G3: M-06 | H3: OP-124 | I3: B1175 | J3: 621 | K3: 19 | L3: Dent | M3: 37 | N3: 41.6 | O3: 145 | P3: 5.68 | Q3: 3.97 | R3: MB-241 | S3: Supplier Z | T3: Review | U3: =IF(OR(O3<20,O3>100),"Investigate","Normal") -> Investigate | V3: =IF(OR(P3<2,P3>10),"Investigate","Normal") -> Normal | W3: =IF(Q3>10,"Investigate","Normal") -> Normal
A4: 11147 | B4: 45675 | C4: Plant B | D4: Line 3 | E4: Widget B | F4: Evening | G4: M-10 | H4: OP-112 | I4: B1103 | J4: 1236 | K4: 43 | L4: Color Defect | M4: 159 | N4: 50.6 | O4: 95.6 | P4: 4.53 | Q4: 0.13 | R4: MB-237 | S4: Supplier Z | T4: Review | U4: =IF(OR(O4<20,O4>100),"Investigate","Normal") -> Normal | V4: =IF(OR(P4<2,P4>10),"Investigate","Normal") -> Normal | W4: =IF(Q4>10,"Investigate","Normal") -> Normal
A5: 10127 | B5: 45961 | C5: Plant A | D5: Line 3 | E5: Widget D | F5: Morning | G5: M-09 | H5: OP-109 | I5: B1067 | J5: 717 | K5: 7 | L5: Color Defect | M5: 39 | N5: 46.6 | O5: 93.5 | P5: 3.75 | Q5: 2.04 | R5: MB-211 | S5: Supplier Y | T5: Pass | U5: =IF(OR(O5<20,O5>100),"Investigate","Normal") -> Normal | V5: =IF(OR(P5<2,P5>10),"Investigate","Normal") -> Normal | W5: =IF(Q5>10,"Investigate","Normal") -> Normal
A6: 10882 | B6: 45809 | C6: Plant A | D6: Line 2 | E6: Widget C | F6: Morning | G6: M-11 | H6: OP-108 | I6: B1196 | J6: 1332 | K6: 5 | L6: Crack | M6: 77 | N6: 44.6 | O6: 92.3 | P6: 5.27 | Q6: 2.51 | R6: MB-219 | S6: Supplier W | T6: Pass | U6: =IF(OR(O6<20,O6>100),"Investigate","Normal") -> Normal | V6: =IF(OR(P6<2,P6>10),"Investigate","Normal") -> Normal | W6: =IF(Q6>10,"Investigate","Normal") -> Normal
A7: 10422 | B7: 45984 | C7: Plant C | D7: Line 2 | E7: Widget A | F7: Morning | G7: M-12 | H7: OP-118 | I7: B1095 | J7: 1441 | K7: 128 | L7: Color Defect | M7: 60 | N7: 42.6 | O7: 92.1 | P7: 5.34 | Q7: 0.03 | R7: MB-204 | S7: Supplier X | T7: Review | U7: =IF(OR(O7<20,O7>100),"Investigate","Normal") -> Normal | V7: =IF(OR(P7<2,P7>10),"Investigate","Normal") -> Normal | W7: =IF(Q7>10,"Investigate","Normal") -> Normal
A8: 10796 | B8: 45783 | C8: Plant C | D8: Line 3 | E8: Widget C | F8: Evening | G8: M-04 | H8: OP-114 | I8: B1096 | J8: 725 | K8: 7 | L8: Crack | M8: 177 | N8: 33.5 | O8: 92 | P8: 5.42 | Q8: 3.24 | R8: MB-222 | S8: Supplier Z | T8: Pass | U8: =IF(OR(O8<20,O8>100),"Investigate","Normal") -> Normal | V8: =IF(OR(P8<2,P8>10),"Investigate","Normal") -> Normal | W8: =IF(Q8>10,"Investigate","Normal") -> Normal
A9: 11500 | B9: 45921 | C9: Plant C | D9: Line 2 | E9: Widget C | F9: Evening | G9: M-04 | H9: OP-108 | I9: B1087 | J9: 1118 | K9: 12 | L9: Assembly Error | M9: 50 | N9: 35.1 | O9: 91.4 | P9: 6.29 | Q9: 3.01 | R9: MB-223 | S9: Supplier Z | T9: Pass | U9: =IF(OR(O9<20,O9>100),"Investigate","Normal") -> Normal | V9: =IF(OR(P9<2,P9>10),"Investigate","Normal") -> Normal | W9: =IF(Q9>10,"Investigate","Normal") -> Normal
A10: 11067 | B10: 45994 | C10: Plant B | D10: Line 4 | E10: Widget C | F10: Morning | G10: M-02 | H10: Unknown | I10: B1151 | J10: 865 | K10: 20 | L10: Dimension Error | M10: 22 | N10: 38.8 | O10: 91.4 | P10: 4.67 | Q10: 2.25 | R10: MB-247 | S10: Supplier X | T10: Pass | U10: =IF(OR(O10<20,O10>100),"Investigate","Normal") -> Normal | V10: =IF(OR(P10<2,P10>10),"Investigate","Normal") -> Normal | W10: =IF(Q10>10,"Investigate","Normal") -> Normal
A11: 10342 | B11: 45895 | C11: Plant A | D11: Line 3 | E11: Widget D | F11: Morning | G11: M-01 | H11: OP-132 | I11: B1188 | J11: 1237 | K11: 43 | L11: Assembly Error | M11: 21 | N11: 46.4 | O11: 91.1 | P11: 5.51 | Q11: 2.85 | R11: MB-223 | S11: Supplier X | T11: Review | U11: =IF(OR(O11<20,O11>100),"Investigate","Normal") -> Normal | V11: =IF(OR(P11<2,P11>10),"Investigate","Normal") -> Normal | W11: =IF(Q11>10,"Investigate","Normal") -> Normal
A12: 10927 | B12: 45805 | C12: Plant C | D12: Line 2 | E12: Widget A | F12: Morning | G12: M-07 | H12: OP-144 | I12: B1117 | J12: 672 | K12: 8 | L12: Dimension Error | M12: 104 | N12: 40.7 | O12: 90.8 | P12: 5.31 | Q12: 3.97 | R12: MB-246 | S12: Supplier Y | T12: Pass | U12: =IF(OR(O12<20,O12>100),"Investigate","Normal") -> Normal | V12: =IF(OR(P12<2,P12>10),"Investigate","Normal") -> Normal | W12: =IF(Q12>10,"Investigate","Normal") -> Normal
A13: 11072 | B13: 45769 | C13: Plant A | D13: Line 4 | E13: Widget D | F13: Evening | G13: M-04 | H13: OP-146 | I13: B1033 | J13: 749 | K13: 17 | L13: Dimension Error | M13: 145 | N13: 42.1 | O13: 90.8 | P13: 5.81 | Q13: 0.33 | R13: MB-250 | S13: Supplier Z | T13: Pass | U13: =IF(OR(O13<20,O13>100),"Investigate","Normal") -> Normal | V13: =IF(OR(P13<2,P13>10),"Investigate","Normal") -> Normal | W13: =IF(Q13>10,"Investigate","Normal") -> Normal
... A1501: 10605 | B1501: 45955 | C1501: Plant B | D1501: Line 2 | E1501: Widget A | F1501: Morning | G1501: M-05 | H1501: OP-110 | I1501: B1149 | J1501: 875 | K1501: 7 | L1501: Crack | M1501: 161 | N1501: 37.6 | O1501: 12 | P1501: 5.01 | Q1501: 3.02 | R1501: MB-241 | S1501: Supplier X | T1501: Pass | U1501: =IF(OR(O1501<20,O1501>100),"Investigate","Normal") -> Investigate | V1501: =IF(OR(P1501<2,P1501>10),"Investigate","Normal") -> Normal | W1501: =IF(Q1501>10,"Investigate","Normal") -> Normal

Sheet Data_Quality_Notes
A1: Issue | B1: Column(s) | C1: Action
A2: Duplicate records | B2: Inspection_ID | C2: 10 exact duplicate records removed using Excel Remove Duplicates
A3: Missing values | B3: Operator_ID | C3: 18 missing values replaced with "Unknown"
A4: Missing values | B4: Supplier | C4: 15 missing values replaced with "Unknown"
A5: Missing values | B5: Temperature_C | C5: Missing values replaced with median temperature of 71.5°C
A6: Missing values | B6: Pressure_Bar | C6: 15 missing values replaced with median pressure of 5.2 bar
A7: Missing values | B7: Defect_Type | C7: 12 missing values replaced with "Unknown" because all corresponding records had Defect_Qty > 0
A8: Inconsistent text | B8: Plant | C8: Standardized plant names to Plant A, Plant B, Plant C
A9: Inconsistent text | B9: Shift | C9: Standardized all shift names to Morning, Evening, and Night
A10: Numeric values stored as text | B10: Production_Qty | C10: Converted numeric values stored as text to numeric format
A11: Numeric values stored as text | B11: Defect_Qty | C11: Converted numeric values stored as text to numeric format
A12: Numeric values stored as text | B12: Downtime_Min | C12: Converted numeric values stored as text to numeric format
... A18: Duplicate Inspection IDs | B18: Inspection_ID | C18: Removed 2 additional duplicate IDs; 1,500 unique inspections remain

Sheet KPI_Analysis
A1: Manufacturing Quality Analytics — KPI Summary
A2: KPI | B2: Value
A3: Total Inspections | B3: =COUNTA(Clean_Data!A2:A1501) -> 1500
A4: Total Production | B4: =SUM(Clean_Data!J2:J1501) -> 1515186
A5: Total Defects | B5: =SUM(Clean_Data!K2:K1501) -> 26093
A6: Defect Rate | B6: =B5/B4 -> 0.017220988
A7: Quality Rate | B7: =1-B6 -> 0.98277901
A8: Total Downtime (Min) | B8: =SUM(Clean_Data!M2:M1501) -> 137341
A9: Average Cycle Time (Sec) | B9: =AVERAGE(Clean_Data!N2:N1501) -> 42.011733
A10: Average Temperature (°C) | B10: =AVERAGE(Clean_Data!O2:O1501) -> 71.636867
A11: Average Pressure (Bar) | B11: =AVERAGE(Clean_Data!P2:P1501) -> 5.2160467
A12: Average Vibration (mm/s) | B12: =AVERAGE(Clean_Data!Q2:Q1501) -> 2.7961933

Sheet Plant_Analysis
A1: Plant | B1: Inspections | C1: Production | D1: Defects | E1: Defect Rate | F1: Downtime
A2: Plant A | B2: =COUNTIF(Clean_Data!C:C,A2) -> 496 | C2: =SUMIF(Clean_Data!C:C,A2,Clean_Data!J:J) -> 504464 | D2: =SUMIF(Clean_Data!C:C,A2,Clean_Data!K:K) -> 9480 | E2: =D2/C2 -> 0.018792223 | F2: =SUMIF(Clean_Data!C:C,A2,Clean_Data!M:M) -> 47099
A3: Plant B | B3: =COUNTIF(Clean_Data!C:C,A3) -> 501 | C3: =SUMIF(Clean_Data!C:C,A3,Clean_Data!J:J) -> 506129 | D3: =SUMIF(Clean_Data!C:C,A3,Clean_Data!K:K) -> 8382 | E3: =D3/C3 -> 0.016560995 | F3: =SUMIF(Clean_Data!C:C,A3,Clean_Data!M:M) -> 43833
A4: Plant C | B4: =COUNTIF(Clean_Data!C:C,A4) -> 503 | C4: =SUMIF(Clean_Data!C:C,A4,Clean_Data!J:J) -> 504593 | D4: =SUMIF(Clean_Data!C:C,A4,Clean_Data!K:K) -> 8231 | E4: =D4/C4 -> 0.016312157 | F4: =SUMIF(Clean_Data!C:C,A4,Clean_Data!M:M) -> 46409

Sheet Line_Analysis
A1: Production Line | B1: Inspections | C1: Production | D1: Defects | E1: Defect Rate | F1: Downtime
A2: Line 1 | B2: =COUNTIF(Clean_Data!D:D,A2) -> 375 | C2: =SUMIF(Clean_Data!D:D,A2,Clean_Data!J:J) -> 379228 | D2: =SUMIF(Clean_Data!D:D,A2,Clean_Data!K:K) -> 6735 | E2: =D2/C2 -> 0.017759765 | F2: =SUMIF(Clean_Data!D:D,A2,Clean_Data!M:M) -> 33148
A3: Line 2 | B3: =COUNTIF(Clean_Data!D:D,A3) -> 354 | C3: =SUMIF(Clean_Data!D:D,A3,Clean_Data!J:J) -> 361934 | D3: =SUMIF(Clean_Data!D:D,A3,Clean_Data!K:K) -> 6203 | E3: =D3/C3 -> 0.017138484 | F3: =SUMIF(Clean_Data!D:D,A3,Clean_Data!M:M) -> 33204
A4: Line 3 | B4: =COUNTIF(Clean_Data!D:D,A4) -> 411 | C4: =SUMIF(Clean_Data!D:D,A4,Clean_Data!J:J) -> 410934 | D4: =SUMIF(Clean_Data!D:D,A4,Clean_Data!K:K) -> 7169 | E4: =D4/C4 -> 0.017445624 | F4: =SUMIF(Clean_Data!D:D,A4,Clean_Data!M:M) -> 38532
A5: Line 4 | B5: =COUNTIF(Clean_Data!D:D,A5) -> 360 | C5: =SUMIF(Clean_Data!D:D,A5,Clean_Data!J:J) -> 363090 | D5: =SUMIF(Clean_Data!D:D,A5,Clean_Data!K:K) -> 5986 | E5: =D5/C5 -> 0.016486271 | F5: =SUMIF(Clean_Data!D:D,A5,Clean_Data!M:M) -> 32457

Sheet Product_Analysis
A1: Product | B1: Inspections | C1: Production | D1: Defects | E1: Defect Rate | F1: Downtime
A2: Widget A | B2: =COUNTIF(Clean_Data!E:E,A2) -> 380 | C2: =SUMIF(Clean_Data!E:E,A2,Clean_Data!J:J) -> 388880 | D2: =SUMIF(Clean_Data!E:E,A2,Clean_Data!K:K) -> 6887 | E2: =D2/C2 -> 0.017709833 | F2: =SUMIF(Clean_Data!E:E,A2,Clean_Data!M:M) -> 35835
A3: Widget B | B3: =COUNTIF(Clean_Data!E:E,A3) -> 343 | C3: =SUMIF(Clean_Data!E:E,A3,Clean_Data!J:J) -> 339990 | D3: =SUMIF(Clean_Data!E:E,A3,Clean_Data!K:K) -> 5344 | E3: =D3/C3 -> 0.015718109 | F3: =SUMIF(Clean_Data!E:E,A3,Clean_Data!M:M) -> 31389
A4: Widget C | B4: =COUNTIF(Clean_Data!E:E,A4) -> 404 | C4: =SUMIF(Clean_Data!E:E,A4,Clean_Data!J:J) -> 415524 | D4: =SUMIF(Clean_Data!E:E,A4,Clean_Data!K:K) -> 7360 | E4: =D4/C4 -> 0.017712575 | F4: =SUMIF(Clean_Data!E:E,A4,Clean_Data!M:M) -> 37397
A5: Widget D | B5: =COUNTIF(Clean_Data!E:E,A5) -> 373 | C5: =SUMIF(Clean_Data!E:E,A5,Clean_Data!J:J) -> 370792 | D5: =SUMIF(Clean_Data!E:E,A5,Clean_Data!K:K) -> 6502 | E5: =D5/C5 -> 0.017535438 | F5: =SUMIF(Clean_Data!E:E,A5,Clean_Data!M:M) -> 32720

Sheet Shift_Analysis
A1: Shift | B1: Inspections | C1: Production | D1: Defects | E1: Defect Rate | F1: Downtime
A2: Morning | B2: =COUNTIF(Clean_Data!F:F,A2) -> 621 | C2: =SUMIF(Clean_Data!F:F,A2,Clean_Data!J:J) -> 624797 | D2: =SUMIF(Clean_Data!F:F,A2,Clean_Data!K:K) -> 11274 | E2: =D2/C2 -> 0.018044261 | F2: =SUMIF(Clean_Data!F:F,A2,Clean_Data!M:M) -> 57379
A3: Evening | B3: =COUNTIF(Clean_Data!F:F,A3) -> 551 | C3: =SUMIF(Clean_Data!F:F,A3,Clean_Data!J:J) -> 566818 | D3: =SUMIF(Clean_Data!F:F,A3,Clean_Data!K:K) -> 9588 | E3: =D3/C3 -> 0.016915483 | F3: =SUMIF(Clean_Data!F:F,A3,Clean_Data!M:M) -> 51162
A4: Night | B4: =COUNTIF(Clean_Data!F:F,A4) -> 328 | C4: =SUMIF(Clean_Data!F:F,A4,Clean_Data!J:J) -> 323571 | D4: =SUMIF(Clean_Data!F:F,A4,Clean_Data!K:K) -> 5231 | E4: =D4/C4 -> 0.016166467 | F4: =SUMIF(Clean_Data!F:F,A4,Clean_Data!M:M) -> 28800

Sheet Defect_Type_Analysis
A1: Defect Type | B1: Defect Count | C1: Defect %
A2: Assembly Error | B2: 4645 | C2: =B2/SUM($B$2:$B$8) -> 0.17801709
A3: Color Defect | B3: 4198 | C3: =B3/SUM($B$2:$B$8) -> 0.16088606
A4: Crack | B4: 4459 | C4: =B4/SUM($B$2:$B$8) -> 0.17088874
A5: Dent | B5: 4628 | C5: =B5/SUM($B$2:$B$8) -> 0.17736558
A6: Dimension Error | B6: 4063 | C6: =B6/SUM($B$2:$B$8) -> 0.15571226
A7: Scratch | B7: 3889 | C7: =B7/SUM($B$2:$B$8) -> 0.1490438
A8: Unknown | B8: 211 | C8: =B8/SUM($B$2:$B$8) -> 0.00808646

Sheet Monthly_Analysis
A1: Month | B1: Inspections | C1: Production | D1: Defects | E1: Downtime
A2: January | B2: =COUNTIFS(Clean_Data!B:B,">="&DATE(2025,MONTH(DATEVALUE(A2&" 1")),1),Clean_Data!B:B,"<"&EDATE(DATE(2025,MONTH(DATEVALUE(A2&" 1")),1),1)) -> 134 | C2: =SUMIFS(Clean_Data!J:J,Clean_Data!B:B,">="&DATE(2025,MONTH(DATEVALUE(A2&" 1")),1),Clean_Data!B:B,"<"&EDATE(DATE(2025,MONTH(DATEVALUE(A2&" 1")),1),1)) -> 138950 | D2: =SUMIFS(Clean_Data!K:K,Clean_Data!B:B,">="&DATE(2025,MONTH(DATEVALUE(A2&" 1")),1),Clean_Data!B:B,"<"&EDATE(DATE(2025,MONTH(DATEVALUE(A2&" 1")),1),1)) -> 2267 | E2: =SUMIFS(Clean_Data!M:M,Clean_Data!B:B,">="&DATE(2025,MONTH(DATEVALUE(A2&" 1")),1),Clean_Data!B:B,"<"&EDATE(DATE(2025,MONTH(DATEVALUE(A2&" 1")),1),1)) -> 12576
A3: February | B3: =COUNTIFS(Clean_Data!B:B,">="&DATE(2025,MONTH(DATEVALUE(A3&" 1")),1),Clean_Data!B:B,"<"&EDATE(DATE(2025,MONTH(DATEVALUE(A3&" 1")),1),1)) -> 119 | C3: =SUMIFS(Clean_Data!J:J,Clean_Data!B:B,">="&DATE(2025,MONTH(DATEVALUE(A3&" 1")),1),Clean_Data!B:B,"<"&EDATE(DATE(2025,MONTH(DATEVALUE(A3&" 1")),1),1)) -> 119633 | D3: =SUMIFS(Clean_Data!K:K,Clean_Data!B:B,">="&DATE(2025,MONTH(DATEVALUE(A3&" 1")),1),Clean_Data!B:B,"<"&EDATE(DATE(2025,MONTH(DATEVALUE(A3&" 1")),1),1)) -> 1994 | E3: =SUMIFS(Clean_Data!M:M,Clean_Data!B:B,">="&DATE(2025,MONTH(DATEVALUE(A3&" 1")),1),Clean_Data!B:B,"<"&EDATE(DATE(2025,MONTH(DATEVALUE(A3&" 1")),1),1)) -> 10902
A4: March | B4: =COUNTIFS(Clean_Data!B:B,">="&DATE(2025,MONTH(DATEVALUE(A4&" 1")),1),Clean_Data!B:B,"<"&EDATE(DATE(2025,MONTH(DATEVALUE(A4&" 1")),1),1)) -> 140 | C4: =SUMIFS(Clean_Data!J:J,Clean_Data!B:B,">="&DATE(2025,MONTH(DATEVALUE(A4&" 1")),1),Clean_Data!B:B,"<"&EDATE(DATE(2025,MONTH(DATEVALUE(A4&" 1")),1),1)) -> 147157 | D4: =SUMIFS(Clean_Data!K:K,Clean_Data!B:B,">="&DATE(2025,MONTH(DATEVALUE(A4&" 1")),1),Clean_Data!B:B,"<"&EDATE(DATE(2025,MONTH(DATEVALUE(A4&" 1")),1),1)) -> 2393 | E4: =SUMIFS(Clean_Data!M:M,Clean_Data!B:B,">="&DATE(2025,MONTH(DATEVALUE(A4&" 1")),1),Clean_Data!B:B,"<"&EDATE(DATE(2025,MONTH(DATEVALUE(A4&" 1")),1),1)) -> 12262
A5: April | B5: =COUNTIFS(Clean_Data!B:B,">="&DATE(2025,MONTH(DATEVALUE(A5&" 1")),1),Clean_Data!B:B,"<"&EDATE(DATE(2025,MONTH(DATEVALUE(A5&" 1")),1),1)) -> 130 | C5: =SUMIFS(Clean_Data!J:J,Clean_Data!B:B,">="&DATE(2025,MONTH(DATEVALUE(A5&" 1")),1),Clean_Data!B:B,"<"&EDATE(DATE(2025,MONTH(DATEVALUE(A5&" 1")),1),1)) -> 127915 | D5: =SUMIFS(Clean_Data!K:K,Clean_Data!B:B,">="&DATE(2025,MONTH(DATEVALUE(A5&" 1")),1),Clean_Data!B:B,"<"&EDATE(DATE(2025,MONTH(DATEVALUE(A5&" 1")),1),1)) -> 2387 | E5: =SUMIFS(Clean_Data!M:M,Clean_Data!B:B,">="&DATE(2025,MONTH(DATEVALUE(A5&" 1")),1),Clean_Data!B:B,"<"&EDATE(DATE(2025,MONTH(DATEVALUE(A5&" 1")),1),1)) -> 11651
A6: May | B6: =COUNTIFS(Clean_Data!B:B,">="&DATE(2025,MONTH(DATEVALUE(A6&" 1")),1),Clean_Data!B:B,"<"&EDATE(DATE(2025,MONTH(DATEVALUE(A6&" 1")),1),1)) -> 130 | C6: =SUMIFS(Clean_Data!J:J,Clean_Data!B:B,">="&DATE(2025,MONTH(DATEVALUE(A6&" 1")),1),Clean_Data!B:B,"<"&EDATE(DATE(2025,MONTH(DATEVALUE(A6&" 1")),1),1)) -> 131525 | D6: =SUMIFS(Clean_Data!K:K,Clean_Data!B:B,">="&DATE(2025,MONTH(DATEVALUE(A6&" 1")),1),Clean_Data!B:B,"<"&EDATE(DATE(2025,MONTH(DATEVALUE(A6&" 1")),1),1)) -> 2687 | E6: =SUMIFS(Clean_Data!M:M,Clean_Data!B:B,">="&DATE(2025,MONTH(DATEVALUE(A6&" 1")),1),Clean_Data!B:B,"<"&EDATE(DATE(2025,MONTH(DATEVALUE(A6&" 1")),1),1)) -> 12691
A7: June | B7: =COUNTIFS(Clean_Data!B:B,">="&DATE(2025,MONTH(DATEVALUE(A7&" 1")),1),Clean_Data!B:B,"<"&EDATE(DATE(2025,MONTH(DATEVALUE(A7&" 1")),1),1)) -> 113 | C7: =SUMIFS(Clean_Data!J:J,Clean_Data!B:B,">="&DATE(2025,MONTH(DATEVALUE(A7&" 1")),1),Clean_Data!B:B,"<"&EDATE(DATE(2025,MONTH(DATEVALUE(A7&" 1")),1),1)) -> 116763 | D7: =SUMIFS(Clean_Data!K:K,Clean_Data!B:B,">="&DATE(2025,MONTH(DATEVALUE(A7&" 1")),1),Clean_Data!B:B,"<"&EDATE(DATE(2025,MONTH(DATEVALUE(A7&" 1")),1),1)) -> 2151 | E7: =SUMIFS(Clean_Data!M:M,Clean_Data!B:B,">="&DATE(2025,MONTH(DATEVALUE(A7&" 1")),1),Clean_Data!B:B,"<"&EDATE(DATE(2025,MONTH(DATEVALUE(A7&" 1")),1),1)) -> 10179
A8: July | B8: =COUNTIFS(Clean_Data!B:B,">="&DATE(2025,MONTH(DATEVALUE(A8&" 1")),1),Clean_Data!B:B,"<"&EDATE(DATE(2025,MONTH(DATEVALUE(A8&" 1")),1),1)) -> 115 | C8: =SUMIFS(Clean_Data!J:J,Clean_Data!B:B,">="&DATE(2025,MONTH(DATEVALUE(A8&" 1")),1),Clean_Data!B:B,"<"&EDATE(DATE(2025,MONTH(DATEVALUE(A8&" 1")),1),1)) -> 116318 | D8: =SUMIFS(Clean_Data!K:K,Clean_Data!B:B,">="&DATE(2025,MONTH(DATEVALUE(A8&" 1")),1),Clean_Data!B:B,"<"&EDATE(DATE(2025,MONTH(DATEVALUE(A8&" 1")),1),1)) -> 2288 | E8: =SUMIFS(Clean_Data!M:M,Clean_Data!B:B,">="&DATE(2025,MONTH(DATEVALUE(A8&" 1")),1),Clean_Data!B:B,"<"&EDATE(DATE(2025,MONTH(DATEVALUE(A8&" 1")),1),1)) -> 9547
A9: August | B9: =COUNTIFS(Clean_Data!B:B,">="&DATE(2025,MONTH(DATEVALUE(A9&" 1")),1),Clean_Data!B:B,"<"&EDATE(DATE(2025,MONTH(DATEVALUE(A9&" 1")),1),1)) -> 118 | C9: =SUMIFS(Clean_Data!J:J,Clean_Data!B:B,">="&DATE(2025,MONTH(DATEVALUE(A9&" 1")),1),Clean_Data!B:B,"<"&EDATE(DATE(2025,MONTH(DATEVALUE(A9&" 1")),1),1)) -> 119974 | D9: =SUMIFS(Clean_Data!K:K,Clean_Data!B:B,">="&DATE(2025,MONTH(DATEVALUE(A9&" 1")),1),Clean_Data!B:B,"<"&EDATE(DATE(2025,MONTH(DATEVALUE(A9&" 1")),1),1)) -> 2025 | E9: =SUMIFS(Clean_Data!M:M,Clean_Data!B:B,">="&DATE(2025,MONTH(DATEVALUE(A9&" 1")),1),Clean_Data!B:B,"<"&EDATE(DATE(2025,MONTH(DATEVALUE(A9&" 1")),1),1)) -> 11030
A10: September | B10: =COUNTIFS(Clean_Data!B:B,">="&DATE(2025,MONTH(DATEVALUE(A10&" 1")),1),Clean_Data!B:B,"<"&EDATE(DATE(2025,MONTH(DATEVALUE(A10&" 1")),1),1)) -> 106 | C10: =SUMIFS(Clean_Data!J:J,Clean_Data!B:B,">="&DATE(2025,MONTH(DATEVALUE(A10&" 1")),1),Clean_Data!B:B,"<"&EDATE(DATE(2025,MONTH(DATEVALUE(A10&" 1")),1),1)) -> 101139 | D10: =SUMIFS(Clean_Data!K:K,Clean_Data!B:B,">="&DATE(2025,MONTH(DATEVALUE(A10&" 1")),1),Clean_Data!B:B,"<"&EDATE(DATE(2025,MONTH(DATEVALUE(A10&" 1")),1),1)) -> 1874 | E10: =SUMIFS(Clean_Data!M:M,Clean_Data!B:B,">="&DATE(2025,MONTH(DATEVALUE(A10&" 1")),1),Clean_Data!B:B,"<"&EDATE(DATE(2025,MONTH(DATEVALUE(A10&" 1")),1),1)) -> 9512
A11: October | B11: =COUNTIFS(Clean_Data!B:B,">="&DATE(2025,MONTH(DATEVALUE(A11&" 1")),1),Clean_Data!B:B,"<"&EDATE(DATE(2025,MONTH(DATEVALUE(A11&" 1")),1),1)) -> 141 | C11: =SUMIFS(Clean_Data!J:J,Clean_Data!B:B,">="&DATE(2025,MONTH(DATEVALUE(A11&" 1")),1),Clean_Data!B:B,"<"&EDATE(DATE(2025,MONTH(DATEVALUE(A11&" 1")),1),1)) -> 139382 | D11: =SUMIFS(Clean_Data!K:K,Clean_Data!B:B,">="&DATE(2025,MONTH(DATEVALUE(A11&" 1")),1),Clean_Data!B:B,"<"&EDATE(DATE(2025,MONTH(DATEVALUE(A11&" 1")),1),1)) -> 2212 | E11: =SUMIFS(Clean_Data!M:M,Clean_Data!B:B,">="&DATE(2025,MONTH(DATEVALUE(A11&" 1")),1),Clean_Data!B:B,"<"&EDATE(DATE(2025,MONTH(DATEVALUE(A11&" 1")),1),1)) -> 13057
A12: November | B12: =COUNTIFS(Clean_Data!B:B,">="&DATE(2025,MONTH(DATEVALUE(A12&" 1")),1),Clean_Data!B:B,"<"&EDATE(DATE(2025,MONTH(DATEVALUE(A12&" 1")),1),1)) -> 119 | C12: =SUMIFS(Clean_Data!J:J,Clean_Data!B:B,">="&DATE(2025,MONTH(DATEVALUE(A12&" 1")),1),Clean_Data!B:B,"<"&EDATE(DATE(2025,MONTH(DATEVALUE(A12&" 1")),1),1)) -> 120693 | D12: =SUMIFS(Clean_Data!K:K,Clean_Data!B:B,">="&DATE(2025,MONTH(DATEVALUE(A12&" 1")),1),Clean_Data!B:B,"<"&EDATE(DATE(2025,MONTH(DATEVALUE(A12&" 1")),1),1)) -> 1884 | E12: =SUMIFS(Clean_Data!M:M,Clean_Data!B:B,">="&DATE(2025,MONTH(DATEVALUE(A12&" 1")),1),Clean_Data!B:B,"<"&EDATE(DATE(2025,MONTH(DATEVALUE(A12&" 1")),1),1)) -> 10757
A13: December | B13: =COUNTIFS(Clean_Data!B:B,">="&DATE(2025,MONTH(DATEVALUE(A13&" 1")),1),Clean_Data!B:B,"<"&EDATE(DATE(2025,MONTH(DATEVALUE(A13&" 1")),1),1)) -> 135 | C13: =SUMIFS(Clean_Data!J:J,Clean_Data!B:B,">="&DATE(2025,MONTH(DATEVALUE(A13&" 1")),1),Clean_Data!B:B,"<"&EDATE(DATE(2025,MONTH(DATEVALUE(A13&" 1")),1),1)) -> 135737 | D13: =SUMIFS(Clean_Data!K:K,Clean_Data!B:B,">="&DATE(2025,MONTH(DATEVALUE(A13&" 1")),1),Clean_Data!B:B,"<"&EDATE(DATE(2025,MONTH(DATEVALUE(A13&" 1")),1),1)) -> 1931 | E13: =SUMIFS(Clean_Data!M:M,Clean_Data!B:B,">="&DATE(2025,MONTH(DATEVALUE(A13&" 1")),1),Clean_Data!B:B,"<"&EDATE(DATE(2025,MONTH(DATEVALUE(A13&" 1")),1),1)) -> 13177

Sheet Outlier_Analysis
A1: Metric | B1: Investigate Count | C1: Normal Count
A2: Temperature | B2: =COUNTIF(Clean_Data!U:U,"Investigate") -> 3 | C2: =COUNTIF(Clean_Data!U:U,"Normal") -> 1497
A3: Pressure | B3: =COUNTIF(Clean_Data!V:V,"Investigate") -> 2 | C3: =COUNTIF(Clean_Data!V:V,"Normal") -> 1498
A4: Vibration | B4: =COUNTIF(Clean_Data!W:W,"Investigate") -> 3 | C4: =COUNTIF(Clean_Data!W:W,"Normal") -> 1497
